menulog,reporting,au_orders,restaurant_key,VARCHAR,100,
menulog,reporting,au_orders,restaurant_id,BIGINT,,
menulog,reporting,au_orders,order_id,BIGINT,,
menulog,reporting,au_orders,order_date,DATE,,
menulog,reporting,au_orders,order_datetime,DATETIME,,
menulog,reporting,au_orders,order_rated_flag,INTEGER,,
menulog,reporting,au_orders,rating_c1,INTEGER,,
menulog,reporting,au_orders,rating_c2,INTEGER,,
menulog,reporting,au_orders,rating_c3,INTEGER,,
menulog,reporting,au_orders,rating_overall,DOUBLE,,
menulog,reporting,au_orders,total_order_amount,DOUBLE,,
menulog,reporting,au_orders,delivery_fee_amount,DOUBLE,,
menulog,reporting,au_orders,delivery_flag,INTEGER,,
menulog,reporting,au_orders,collection_flag,INTEGER,,
menulog,reporting,au_orders,delivery_collection,VARCHAR,100,
menulog,reporting,au_orders,asap_flag,INTEGER,,
menulog,reporting,au_orders,preorder_flag,INTEGER,,
menulog,reporting,au_orders,asap_preorder,VARCHAR,100,
menulog,reporting,au_orders,completed_order_flag,INTEGER,,
menulog,reporting,au_orders,cancelled_order_flag,INTEGER,,
menulog,reporting,au_orders,completed_cancelled,VARCHAR,100,
menulog,reporting,au_orders,cancellation_party,VARCHAR,100,
menulog,reporting,au_orders,cancellation_reason,VARCHAR,255,
menulog,reporting,au_orders,restaurant_push_minutes,INTEGER,,
menulog,reporting,au_orders,pushed_count,INTEGER,,
menulog,reporting,au_orders,courier_hold,DOUBLE,,
menulog,reporting,au_orders,time_to_accept,DOUBLE,,
menulog,reporting,au_orders,time_to_accept_count,INTEGER,,
menulog,reporting,au_orders,a_to_d_raw,DOUBLE,,
menulog,reporting,au_orders,a_to_d_raw_count,INTEGER,,
menulog,reporting,au_orders,a_to_d_adj,DOUBLE,,
menulog,reporting,au_orders,a_to_d_adj_count,INTEGER,,
menulog,reporting,au_orders,customer_key,VARCHAR,50,
menulog,reporting,au_orders,rating_comment,VARCHAR,1000,
menulog,reporting,au_orders,currency,VARCHAR,28,
menulog,reporting,au_orders,customer_new_to_brand,INTEGER,,
menulog,reporting,au_permissions_group,country,VARCHAR,25,
menulog,reporting,au_permissions_group,username,VARCHAR,100,
menulog,reporting,au_permissions_group,restaurant_id,BIGINT,,
menulog,reporting,au_permissions_group,group_name,VARCHAR,100,
menulog,reporting,au_permissions_group,display_name,VARCHAR,100,
menulog,reporting,au_permissions_rls,country,VARCHAR,25,
menulog,reporting,au_permissions_rls,username,VARCHAR,100,
menulog,reporting,au_permissions_rls,restaurant_id,BIGINT,,
menulog,reporting,au_permissions_rls,count,INTEGER,,
menulog,reporting,au_permissions_rls,group_sync,VARCHAR,100,
menulog,reporting,au_restaurants,country,VARCHAR,25,
menulog,reporting,au_restaurants,restaurant_key,VARCHAR,100,
menulog,reporting,au_restaurants,restaurant_id,BIGINT,,
menulog,reporting,au_restaurants,rest_store_report_name,VARCHAR,100,
menulog,reporting,au_restaurants,brand_name,VARCHAR,100,
menulog,reporting,au_restaurants,restaurant_name,VARCHAR,100,
menulog,reporting,au_restaurants,store_id,VARCHAR,100,
menulog,reporting,au_restaurants,franchise,VARCHAR,100,
menulog,reporting,au_restaurants,region,VARCHAR,100,
menulog,reporting,au_restaurants,access_level_misc,VARCHAR,100,
menulog,reporting,au_restaurants,latitude,DOUBLE,,
menulog,reporting,au_restaurants,longitude,DOUBLE,,
menulog,reporting,au_restaurants,restaurant_suburb,VARCHAR,100,
menulog,reporting,au_restaurants,restaurant_state,VARCHAR,100,
menulog,reporting,au_restaurants,just_eat_delivery,INTEGER,,
menulog,reporting,au_restaurants,restaurant_active_flag,INTEGER,,
menulog,reporting,menulog_dates,order_date,DATE,,
justeat,brands,All_Usernames,username,VARCHAR,255,
justeat,brands,Justeat_DateTime,order_datetime,DATETIME,,
justeat,brands,Justeat_Dates,order_date,DATE,,
justeat,brands,Offline,restaurant_id,BIGINT,,
justeat,brands,Offline,calendar_date,DATE,,
justeat,brands,Offline,JEAgent_ClosedToday,DOUBLE,,
justeat,brands,Offline,JEAgent_FailedJctConnection,DOUBLE,,
justeat,brands,Offline,JEAgent_IgnoredOrders,DOUBLE,,
justeat,brands,Offline,JEAgent_NoTrOverride,DOUBLE,,
justeat,brands,Offline,JEAgent_TempOffline,DOUBLE,,
justeat,brands,Offline,JEDriverCapacityTool_DriverCapacity,DOUBLE,,
justeat,brands,Offline,JEPTOL_FailedJctConnection,DOUBLE,,
justeat,brands,Offline,JEPTOL_IgnoredOrders,DOUBLE,,
justeat,brands,Offline,Restaurant_ClosedToday,DOUBLE,,
justeat,brands,Offline,Restaurant_TempOffline,DOUBLE,,
justeat,brands,Offline,offline_total,DOUBLE,,
justeat,brands,Offline,online,DOUBLE,,
justeat,brands,Offline,open,DOUBLE,,
justeat,brands,Offline,country,VARCHAR,25,
justeat,brands,Offline,JEAgent_ClosedDueToEvent,DOUBLE,,
justeat,brands,Offline,JEPTOL_NoTrOverride,DOUBLE,,
justeat,brands,Offline,Restaurant_ClosedDueToEvent,DOUBLE,,
justeat,brands,Offline,Restaurant_FailedJctConnection,DOUBLE,,
justeat,brands,Offline,Restaurant_IgnoredOrders,DOUBLE,,
justeat,brands,Offline,Restaurant_NoTrOverride,DOUBLE,,
justeat,brands,Offline_v2_1,restaurant_id,BIGINT,,
justeat,brands,Offline_v2_1,order_datetime,DATETIME,,
justeat,brands,Offline_v2_1,calendar_date,DATE,,
justeat,brands,Offline_v2_1,hour_start,TIME,,
justeat,brands,Offline_v2_1,JEAgent_ClosedDueToEvent,DOUBLE,,
justeat,brands,Offline_v2_1,JEAgent_ClosedToday,DOUBLE,,
justeat,brands,Offline_v2_1,JEAgent_FailedJctConnection,DOUBLE,,
justeat,brands,Offline_v2_1,JEAgent_IgnoredOrders,DOUBLE,,
justeat,brands,Offline_v2_1,JEAgent_NoTrOverride,DOUBLE,,
justeat,brands,Offline_v2_1,JEAgent_TempOffline,DOUBLE,,
justeat,brands,Offline_v2_1,JEDriverCapacityTool_DriverCapacity,DOUBLE,,
justeat,brands,Offline_v2_1,JEPTOL_FailedJctConnection,DOUBLE,,
justeat,brands,Offline_v2_1,JEPTOL_IgnoredOrders,DOUBLE,,
justeat,brands,Offline_v2_1,JEPTOL_NoTrOverride,DOUBLE,,
justeat,brands,Offline_v2_1,Restaurant_ClosedDueToEvent,DOUBLE,,
justeat,brands,Offline_v2_1,Restaurant_ClosedToday,DOUBLE,,
justeat,brands,Offline_v2_1,Restaurant_FailedJctConnection,DOUBLE,,
justeat,brands,Offline_v2_1,Restaurant_IgnoredOrders,DOUBLE,,
justeat,brands,Offline_v2_1,Restaurant_NoTrOverride,DOUBLE,,
justeat,brands,Offline_v2_1,Restaurant_TempOffline,DOUBLE,,
justeat,brands,Offline_v2_1,offline_total,DOUBLE,,
justeat,brands,Offline_v2_1,online,DOUBLE,,
justeat,brands,Offline_v2_1,open,DOUBLE,,
justeat,brands,Offline_v2_1,country,VARCHAR,25,
justeat,brands,Orders,country,VARCHAR,25,
justeat,brands,Orders,order_id,VARCHAR,25,
justeat,brands,Orders,order_date,DATE,,
justeat,brands,Orders,order_rated_flag,INTEGER,,
justeat,brands,Orders,rating,DOUBLE,,
justeat,brands,Orders,basket_value,DOUBLE,,
justeat,brands,Orders,chain,VARCHAR,100,
justeat,brands,Orders,restaurant_id,BIGINT,,
justeat,brands,Orders,restaurant_name,VARCHAR,100,
justeat,brands,Orders,store_id,VARCHAR,25,
justeat,brands,Orders,store_name,VARCHAR,100,
justeat,brands,Orders,rest_store_report_name,VARCHAR,120,
justeat,brands,Orders,store_group,VARCHAR,100,
justeat,brands,Orders,franchise_manager,VARCHAR,100,
justeat,brands,Orders,regional_manager,VARCHAR,100,
justeat,brands,Orders,store_manager,VARCHAR,100,
justeat,brands,Orders,RDS_flag,INTEGER,,
justeat,brands,Orders,delivery_flag,INTEGER,,
justeat,brands,Orders,collection_flag,INTEGER,,
justeat,brands,Orders,delivery_collection,VARCHAR,25,
justeat,brands,Orders,immediate_delivery_flag,INTEGER,,
justeat,brands,Orders,pre_order_flag,INTEGER,,
justeat,brands,Orders,immediate_pre_order,VARCHAR,25,
justeat,brands,Orders,good_order_flag,INTEGER,,
justeat,brands,Orders,bad_order_flag,INTEGER,,
justeat,brands,Orders,good_bad,VARCHAR,10,
justeat,brands,Orders,order_status_description,VARCHAR,50,
justeat,brands,Orders,restaurant_district,VARCHAR,10,
justeat,brands,Orders,r_latitude,DOUBLE,,
justeat,brands,Orders,r_longitude,DOUBLE,,
justeat,brands,Orders,order_district,VARCHAR,10,
justeat,brands,Orders,o_latitude,DOUBLE,,
justeat,brands,Orders,o_longitude,DOUBLE,,
justeat,brands,Orders,restaurant_hold_hq,DOUBLE,,
justeat,brands,Orders,restaurant_hold_sign,INTEGER,,
justeat,brands,Orders,restaurant_hold_count,INTEGER,,
justeat,brands,Orders,order_timeliness,DOUBLE,,
justeat,brands,Orders,order_on_time,INTEGER,,
justeat,brands,Orders,order_timeliness_count,INTEGER,,
justeat,brands,Orders,delivery_time,DOUBLE,,
justeat,brands,Orders,delivery_time_count,INTEGER,,
justeat,brands,Orders,customer_key,VARCHAR,25,
justeat,brands,Orders,order_datetime,DATETIME,,
justeat,brands,Orders,bad_order_subcategory,VARCHAR,255,
justeat,brands,Orders,received_to_accepted,DOUBLE,,
justeat,brands,Orders,received_to_accepted_count,INTEGER,,
justeat,brands,Orders,order_datetime_exact,DATETIME,,
justeat,brands,Orders,commentary,VARCHAR,1023,
justeat,brands,Orders,kitchen_delay,DOUBLE,,
justeat,brands,Orders,kitchen_delay_pos,INTEGER,,
justeat,brands,Orders,kitchen_delay_count,INTEGER,,
justeat,brands,Orders,missing_items_flag,INTEGER,,
justeat,brands,Orders,missing_items_count,INTEGER,,
justeat,brands,Orders,order_pool_name,VARCHAR,100,
justeat,brands,Orders,driver_accepted_time,DOUBLE,,
justeat,brands,Orders,driver_wait_time,DOUBLE,,
justeat,brands,Orders,delivery_parent_name,VARCHAR,255,
justeat,brands,Orders,offer_flag,INTEGER,,
justeat,brands,Orders,offer_type,VARCHAR,255,
justeat,brands,Orders,campaign_id,VARCHAR,255,
justeat,brands,Orders,discount_percent,DOUBLE,,
justeat,brands,Orders,applied_discount_amount,DOUBLE,,
justeat,brands,Orders,driver_wait_time_pos,INTEGER,,
justeat,brands,Orders,driver_wait_time_count,INTEGER,,
justeat,brands,Orders_d_1,country,VARCHAR,25,
justeat,brands,Orders_d_1,order_id,VARCHAR,25,
justeat,brands,Orders_d_1,order_date,DATE,,
justeat,brands,Orders_d_1,order_rated_flag,INTEGER,,
justeat,brands,Orders_d_1,rating,DOUBLE,,
justeat,brands,Orders_d_1,basket_value,DOUBLE,,
justeat,brands,Orders_d_1,chain,VARCHAR,100,
justeat,brands,Orders_d_1,restaurant_id,BIGINT,,
justeat,brands,Orders_d_1,restaurant_name,VARCHAR,100,
justeat,brands,Orders_d_1,store_id,VARCHAR,25,
justeat,brands,Orders_d_1,store_name,VARCHAR,100,
justeat,brands,Orders_d_1,rest_store_report_name,VARCHAR,120,
justeat,brands,Orders_d_1,store_group,VARCHAR,50,
justeat,brands,Orders_d_1,franchise_manager,VARCHAR,100,
justeat,brands,Orders_d_1,regional_manager,VARCHAR,100,
justeat,brands,Orders_d_1,store_manager,VARCHAR,100,
justeat,brands,Orders_d_1,RDS_flag,INTEGER,,
justeat,brands,Orders_d_1,delivery_flag,INTEGER,,
justeat,brands,Orders_d_1,collection_flag,INTEGER,,
justeat,brands,Orders_d_1,delivery_collection,VARCHAR,25,
justeat,brands,Orders_d_1,immediate_delivery_flag,INTEGER,,
justeat,brands,Orders_d_1,pre_order_flag,INTEGER,,
justeat,brands,Orders_d_1,immediate_pre_order,VARCHAR,25,
justeat,brands,Orders_d_1,good_order_flag,INTEGER,,
justeat,brands,Orders_d_1,bad_order_flag,INTEGER,,
justeat,brands,Orders_d_1,good_bad,VARCHAR,10,
justeat,brands,Orders_d_1,order_status_description,VARCHAR,50,
justeat,brands,Orders_d_1,restaurant_district,VARCHAR,10,
justeat,brands,Orders_d_1,r_latitude,DOUBLE,,
justeat,brands,Orders_d_1,r_longitude,DOUBLE,,
justeat,brands,Orders_d_1,order_district,VARCHAR,10,
justeat,brands,Orders_d_1,o_latitude,DOUBLE,,
justeat,brands,Orders_d_1,o_longitude,DOUBLE,,
justeat,brands,Orders_d_1,restaurant_hold_hq,DOUBLE,,
justeat,brands,Orders_d_1,restaurant_hold_sign,INTEGER,,
justeat,brands,Orders_d_1,restaurant_hold_count,INTEGER,,
justeat,brands,Orders_d_1,order_timeliness,DOUBLE,,
justeat,brands,Orders_d_1,order_on_time,INTEGER,,
justeat,brands,Orders_d_1,order_timeliness_count,INTEGER,,
justeat,brands,Orders_d_1,delivery_time,DOUBLE,,
justeat,brands,Orders_d_1,delivery_time_count,INTEGER,,
justeat,brands,Orders_d_1,customer_key,VARCHAR,25,
justeat,brands,Orders_d_1,order_datetime,DATETIME,,
justeat,brands,Orders_d_1,bad_order_subcategory,VARCHAR,255,
justeat,brands,Orders_d_1,received_to_accepted,DOUBLE,,
justeat,brands,Orders_d_1,received_to_accepted_count,INTEGER,,
justeat,brands,Orders_d_1,order_datetime_exact,DATETIME,,
justeat,brands,Orders_d_1,commentary,VARCHAR,1023,
justeat,brands,Orders_d_1,kitchen_delay,DOUBLE,,
justeat,brands,Orders_d_1,kitchen_delay_pos,INTEGER,,
justeat,brands,Orders_d_1,kitchen_delay_count,INTEGER,,
justeat,brands,Orders_d_1,missing_items_flag,INTEGER,,
justeat,brands,Orders_d_1,missing_items_count,INTEGER,,
justeat,brands,Orders_d_1,order_pool_name,VARCHAR,100,
justeat,brands,Orders_d_1,driver_accepted_time,DOUBLE,,
justeat,brands,Permissions_Errors,username,VARCHAR,255,
justeat,brands,Permissions_Errors,email,VARCHAR,255,
justeat,brands,Permissions_Errors,country,VARCHAR,55,
justeat,brands,Permissions_Errors,brand_name,VARCHAR,55,
justeat,brands,Permissions_Errors,access_level_type,VARCHAR,255,
justeat,brands,Permissions_Errors,access_definition,VARCHAR,255,
justeat,brands,Permissions_Errors,detail_1,VARCHAR,255,
justeat,brands,Permissions_Errors,assert_name,VARCHAR,255,
justeat,brands,Permissions_Errors,stage,VARCHAR,255,
justeat,brands,Permissions_Group,country,VARCHAR,255,
justeat,brands,Permissions_Group,username,VARCHAR,255,
justeat,brands,Permissions_Group,restaurant_id,BIGINT,,
justeat,brands,Permissions_Group,group_name,VARCHAR,255,
justeat,brands,Permissions_Group,display_name,VARCHAR,255,
justeat,brands,Permissions_RLS,country,VARCHAR,255,
justeat,brands,Permissions_RLS,username,VARCHAR,255,
justeat,brands,Permissions_RLS,restaurant_id,BIGINT,,
justeat,brands,Permissions_RLS,count,BIGINT,,
justeat,brands,Permissions_RLS,group_sync,VARCHAR,255,
justeat,brands,Permissions_RLS_ws,country,VARCHAR,255,
justeat,brands,Permissions_RLS_ws,username,VARCHAR,255,
justeat,brands,Permissions_RLS_ws,restaurant_id,BIGINT,,
justeat,brands,Permissions_RLS_ws,count,BIGINT,,
justeat,brands,Permissions_RLS_ws,group_sync,VARCHAR,255,
justeat,brands,Restaurant_Days,country_code,VARCHAR,25,
justeat,brands,Restaurant_Days,restaurant_id_local,BIGINT,,
justeat,brands,Restaurant_Days,date,DATE,,
justeat,brands,Restaurants,restaurant_id,BIGINT,,
justeat,brands,Restaurants,country,VARCHAR,25,
justeat,brands,Restaurants,chain,VARCHAR,100,
justeat,brands,Restaurants,restaurant_name,VARCHAR,100,
justeat,brands,Restaurants,store_id,VARCHAR,30,
justeat,brands,Restaurants,store_name,VARCHAR,100,
justeat,brands,Restaurants,rest_store_report_name,VARCHAR,150,
justeat,brands,Restaurants,store_manager,VARCHAR,100,
justeat,brands,Restaurants,franchise_manager,VARCHAR,150,
justeat,brands,Restaurants,regional_manager,VARCHAR,100,
justeat,brands,Restaurants,store_group,VARCHAR,55,
justeat,brands,Restaurants,active_restaurant_flag,INTEGER,,
justeat,brands,Restaurants,restaurant_city,VARCHAR,255,
justeat,brands,Restaurants,sales_region,VARCHAR,255,
justeat,brands,Restaurants,restaurant_key,VARCHAR,255,
justeat,brands,Restaurants,primary_cuisine,VARCHAR,255,
justeat,brands,Restaurants,secondary_cuisine,VARCHAR,255,
justeat,brands,User_Azure_Status,mail,VARCHAR,255,
justeat,brands,User_Azure_Status,displayname,VARCHAR,255,
justeat,brands,User_Azure_Status,userstate,VARCHAR,255,
justeat,brands,date_lkup,date,DATE,,
justeat,brands,date_lkup,weekday_name,VARCHAR,255,
justeat,brands,date_lkup,month_comm,DATE,,
justeat,brands,reg,username,VARCHAR,255,
justeat,brands,reg,reg,VARCHAR,255,
FalconUserDataDataBase,FalconUserDataSchema,USERDATA-0785c6f7-f848-417f-bbf5-5aacc2e0a0db,Country,VARCHAR,99999,
FalconUserDataDataBase,FalconUserDataSchema,USERDATA-0785c6f7-f848-417f-bbf5-5aacc2e0a0db,Chain,VARCHAR,99999,
FalconUserDataDataBase,FalconUserDataSchema,USERDATA-0785c6f7-f848-417f-bbf5-5aacc2e0a0db,Restaurant Id,INTEGER,,
FalconUserDataDataBase,FalconUserDataSchema,USERDATA-0785c6f7-f848-417f-bbf5-5aacc2e0a0db,Order Status,VARCHAR,99999,
FalconUserDataDataBase,FalconUserDataSchema,USERDATA-0785c6f7-f848-417f-bbf5-5aacc2e0a0db,Order Date,DATE,,
FalconUserDataDataBase,FalconUserDataSchema,USERDATA-0785c6f7-f848-417f-bbf5-5aacc2e0a0db,Order Count,INTEGER,,
FalconUserDataDataBase,FalconUserDataSchema,USERDATA-0785c6f7-f848-417f-bbf5-5aacc2e0a0db,Total Order Value,DOUBLE,,
FalconUserDataDataBase,FalconUserDataSchema,USERDATA-347e1d2f-f3ec-4d33-8104-e20b3d6d1647,restaurant_id,BIGINT,,
FalconUserDataDataBase,FalconUserDataSchema,USERDATA-347e1d2f-f3ec-4d33-8104-e20b3d6d1647,country,VARCHAR,99999,
FalconUserDataDataBase,FalconUserDataSchema,USERDATA-347e1d2f-f3ec-4d33-8104-e20b3d6d1647,chain,VARCHAR,99999,
FalconUserDataDataBase,FalconUserDataSchema,USERDATA-347e1d2f-f3ec-4d33-8104-e20b3d6d1647,restaurant_name,VARCHAR,99999,
FalconUserDataDataBase,FalconUserDataSchema,USERDATA-347e1d2f-f3ec-4d33-8104-e20b3d6d1647,store_id,BIGINT,,
FalconUserDataDataBase,FalconUserDataSchema,USERDATA-347e1d2f-f3ec-4d33-8104-e20b3d6d1647,store_name,VARCHAR,99999,
FalconUserDataDataBase,FalconUserDataSchema,USERDATA-347e1d2f-f3ec-4d33-8104-e20b3d6d1647,rest_store_report_name,VARCHAR,99999,
FalconUserDataDataBase,FalconUserDataSchema,USERDATA-347e1d2f-f3ec-4d33-8104-e20b3d6d1647,store_manager,VARCHAR,99999,
FalconUserDataDataBase,FalconUserDataSchema,USERDATA-347e1d2f-f3ec-4d33-8104-e20b3d6d1647,franchise_manager,VARCHAR,99999,
FalconUserDataDataBase,FalconUserDataSchema,USERDATA-347e1d2f-f3ec-4d33-8104-e20b3d6d1647,regional_manager,VARCHAR,99999,
FalconUserDataDataBase,FalconUserDataSchema,USERDATA-347e1d2f-f3ec-4d33-8104-e20b3d6d1647,store_group,VARCHAR,99999,
FalconUserDataDataBase,FalconUserDataSchema,USERDATA-347e1d2f-f3ec-4d33-8104-e20b3d6d1647,active_restaurant_flag,BIGINT,,
FalconUserDataDataBase,FalconUserDataSchema,USERDATA-347e1d2f-f3ec-4d33-8104-e20b3d6d1647,restaurant_city,VARCHAR,99999,
FalconUserDataDataBase,FalconUserDataSchema,USERDATA-347e1d2f-f3ec-4d33-8104-e20b3d6d1647,sales_region,VARCHAR,99999,
FalconUserDataDataBase,FalconUserDataSchema,USERDATA-347e1d2f-f3ec-4d33-8104-e20b3d6d1647,restaurant_key,VARCHAR,99999,
FalconUserDataDataBase,FalconUserDataSchema,USERDATA-5633217f-9b2b-41de-ade3-9d9d77f2fb60,Store ID (Brand),VARCHAR,99999,
FalconUserDataDataBase,FalconUserDataSchema,USERDATA-5633217f-9b2b-41de-ade3-9d9d77f2fb60,Store Name (Brand),VARCHAR,99999,
FalconUserDataDataBase,FalconUserDataSchema,USERDATA-5633217f-9b2b-41de-ade3-9d9d77f2fb60,Store Manager,VARCHAR,99999,
FalconUserDataDataBase,FalconUserDataSchema,USERDATA-6f0dc8be-ad1b-4867-94a8-80da1ebe6494,date,DATE,,
FalconUserDataDataBase,FalconUserDataSchema,USERDATA-6f0dc8be-ad1b-4867-94a8-80da1ebe6494,weekday_name,VARCHAR,99999,
FalconUserDataDataBase,FalconUserDataSchema,USERDATA-6f0dc8be-ad1b-4867-94a8-80da1ebe6494,month_comm,DATE,,
FalconUserDataDataBase,FalconUserDataSchema,USERDATA-9a42f45a-6fe8-440a-aa41-d77bc143f9b2,Country,VARCHAR,99999,
FalconUserDataDataBase,FalconUserDataSchema,USERDATA-9a42f45a-6fe8-440a-aa41-d77bc143f9b2,Chain,VARCHAR,99999,
FalconUserDataDataBase,FalconUserDataSchema,USERDATA-9a42f45a-6fe8-440a-aa41-d77bc143f9b2,Restaurant Id,BIGINT,,
FalconUserDataDataBase,FalconUserDataSchema,USERDATA-9a42f45a-6fe8-440a-aa41-d77bc143f9b2,Order Status,VARCHAR,99999,
FalconUserDataDataBase,FalconUserDataSchema,USERDATA-9a42f45a-6fe8-440a-aa41-d77bc143f9b2,Order Date,DATE,,
FalconUserDataDataBase,FalconUserDataSchema,USERDATA-9a42f45a-6fe8-440a-aa41-d77bc143f9b2,Order Count,BIGINT,,
FalconUserDataDataBase,FalconUserDataSchema,USERDATA-9a42f45a-6fe8-440a-aa41-d77bc143f9b2,Total Order Value,DOUBLE,,
FalconUserDataDataBase,FalconUserDataSchema,USERDATA-ea6b1152-114d-42c6-b0b9-6aefa7e5c78e,TS,DATETIME,,
FalconUserDataDataBase,FalconUserDataSchema,USERDATA-ea6b1152-114d-42c6-b0b9-6aefa7e5c78e,Score,BIGINT,,
FalconUserDataDataBase,FalconUserDataSchema,USERDATA-ea6b1152-114d-42c6-b0b9-6aefa7e5c78e,Comment,VARCHAR,99999,
FalconUserDataDataBase,FalconUserDataSchema,USERDATA-ea6b1152-114d-42c6-b0b9-6aefa7e5c78e,Response Type,VARCHAR,99999,
FalconUserDataDataBase,FalconUserDataSchema,USERDATA-ea6b1152-114d-42c6-b0b9-6aefa7e5c78e,User GUID,VARCHAR,99999,
FalconUserDataDataBase,FalconUserDataSchema,USERDATA-ea6b1152-114d-42c6-b0b9-6aefa7e5c78e,Cluster ID,VARCHAR,99999,
FalconUserDataDataBase,FalconUserDataSchema,USERDATA-fbd8695d-6c2d-4b40-9987-f806baab291e,country,VARCHAR,99999,
FalconUserDataDataBase,FalconUserDataSchema,USERDATA-fbd8695d-6c2d-4b40-9987-f806baab291e,order_id,VARCHAR,99999,
FalconUserDataDataBase,FalconUserDataSchema,USERDATA-fbd8695d-6c2d-4b40-9987-f806baab291e,order_date,DATE,,
FalconUserDataDataBase,FalconUserDataSchema,USERDATA-fbd8695d-6c2d-4b40-9987-f806baab291e,order_rated_flag,BIGINT,,
FalconUserDataDataBase,FalconUserDataSchema,USERDATA-fbd8695d-6c2d-4b40-9987-f806baab291e,rating,DOUBLE,,
FalconUserDataDataBase,FalconUserDataSchema,USERDATA-fbd8695d-6c2d-4b40-9987-f806baab291e,basket_value,DOUBLE,,
FalconUserDataDataBase,FalconUserDataSchema,USERDATA-fbd8695d-6c2d-4b40-9987-f806baab291e,chain,VARCHAR,99999,
FalconUserDataDataBase,FalconUserDataSchema,USERDATA-fbd8695d-6c2d-4b40-9987-f806baab291e,restaurant_id,BIGINT,,
FalconUserDataDataBase,FalconUserDataSchema,USERDATA-fbd8695d-6c2d-4b40-9987-f806baab291e,restaurant_name,VARCHAR,99999,
FalconUserDataDataBase,FalconUserDataSchema,USERDATA-fbd8695d-6c2d-4b40-9987-f806baab291e,store_id,BIGINT,,
FalconUserDataDataBase,FalconUserDataSchema,USERDATA-fbd8695d-6c2d-4b40-9987-f806baab291e,store_name,VARCHAR,99999,
FalconUserDataDataBase,FalconUserDataSchema,USERDATA-fbd8695d-6c2d-4b40-9987-f806baab291e,rest_store_report_name,VARCHAR,99999,
FalconUserDataDataBase,FalconUserDataSchema,USERDATA-fbd8695d-6c2d-4b40-9987-f806baab291e,store_group,VARCHAR,99999,
FalconUserDataDataBase,FalconUserDataSchema,USERDATA-fbd8695d-6c2d-4b40-9987-f806baab291e,franchise_manager,VARCHAR,99999,
FalconUserDataDataBase,FalconUserDataSchema,USERDATA-fbd8695d-6c2d-4b40-9987-f806baab291e,regional_manager,VARCHAR,99999,
FalconUserDataDataBase,FalconUserDataSchema,USERDATA-fbd8695d-6c2d-4b40-9987-f806baab291e,store_manager,VARCHAR,99999,
FalconUserDataDataBase,FalconUserDataSchema,USERDATA-fbd8695d-6c2d-4b40-9987-f806baab291e,RDS_flag,BIGINT,,
FalconUserDataDataBase,FalconUserDataSchema,USERDATA-fbd8695d-6c2d-4b40-9987-f806baab291e,delivery_flag,BIGINT,,
FalconUserDataDataBase,FalconUserDataSchema,USERDATA-fbd8695d-6c2d-4b40-9987-f806baab291e,collection_flag,BIGINT,,
FalconUserDataDataBase,FalconUserDataSchema,USERDATA-fbd8695d-6c2d-4b40-9987-f806baab291e,delivery_collection,VARCHAR,99999,
FalconUserDataDataBase,FalconUserDataSchema,USERDATA-fbd8695d-6c2d-4b40-9987-f806baab291e,immediate_delivery_flag,BIGINT,,
FalconUserDataDataBase,FalconUserDataSchema,USERDATA-fbd8695d-6c2d-4b40-9987-f806baab291e,pre_order_flag,BIGINT,,
FalconUserDataDataBase,FalconUserDataSchema,USERDATA-fbd8695d-6c2d-4b40-9987-f806baab291e,immediate_pre_order,VARCHAR,99999,
FalconUserDataDataBase,FalconUserDataSchema,USERDATA-fbd8695d-6c2d-4b40-9987-f806baab291e,good_order_flag,BIGINT,,
FalconUserDataDataBase,FalconUserDataSchema,USERDATA-fbd8695d-6c2d-4b40-9987-f806baab291e,bad_order_flag,BIGINT,,
FalconUserDataDataBase,FalconUserDataSchema,USERDATA-fbd8695d-6c2d-4b40-9987-f806baab291e,good_bad,VARCHAR,99999,
FalconUserDataDataBase,FalconUserDataSchema,USERDATA-fbd8695d-6c2d-4b40-9987-f806baab291e,order_status_description,VARCHAR,99999,
FalconUserDataDataBase,FalconUserDataSchema,USERDATA-fbd8695d-6c2d-4b40-9987-f806baab291e,restaurant_district,VARCHAR,99999,
FalconUserDataDataBase,FalconUserDataSchema,USERDATA-fbd8695d-6c2d-4b40-9987-f806baab291e,r_latitude,DOUBLE,,
FalconUserDataDataBase,FalconUserDataSchema,USERDATA-fbd8695d-6c2d-4b40-9987-f806baab291e,r_longitude,DOUBLE,,
FalconUserDataDataBase,FalconUserDataSchema,USERDATA-fbd8695d-6c2d-4b40-9987-f806baab291e,order_district,VARCHAR,99999,
FalconUserDataDataBase,FalconUserDataSchema,USERDATA-fbd8695d-6c2d-4b40-9987-f806baab291e,o_latitude,DOUBLE,,
FalconUserDataDataBase,FalconUserDataSchema,USERDATA-fbd8695d-6c2d-4b40-9987-f806baab291e,o_longitude,DOUBLE,,
FalconUserDataDataBase,FalconUserDataSchema,USERDATA-fbd8695d-6c2d-4b40-9987-f806baab291e,restaurant_hold_hq,BIGINT,,
FalconUserDataDataBase,FalconUserDataSchema,USERDATA-fbd8695d-6c2d-4b40-9987-f806baab291e,restaurant_hold_sign,BIGINT,,
FalconUserDataDataBase,FalconUserDataSchema,USERDATA-fbd8695d-6c2d-4b40-9987-f806baab291e,restaurant_hold_count,BIGINT,,
FalconUserDataDataBase,FalconUserDataSchema,USERDATA-fbd8695d-6c2d-4b40-9987-f806baab291e,order_timeliness,BIGINT,,
FalconUserDataDataBase,FalconUserDataSchema,USERDATA-fbd8695d-6c2d-4b40-9987-f806baab291e,order_on_time,VARCHAR,99999,
FalconUserDataDataBase,FalconUserDataSchema,USERDATA-fbd8695d-6c2d-4b40-9987-f806baab291e,order_timeliness_count,BIGINT,,
FalconUserDataDataBase,FalconUserDataSchema,USERDATA-fbd8695d-6c2d-4b40-9987-f806baab291e,delivery_time,BIGINT,,
FalconUserDataDataBase,FalconUserDataSchema,USERDATA-fbd8695d-6c2d-4b40-9987-f806baab291e,delivery_time_count,BIGINT,,
FalconUserDataDataBase,FalconUserDataSchema,USERDATA-fbd8695d-6c2d-4b40-9987-f806baab291e,customer_key,VARCHAR,99999,
